שם,מתאריך
איתי בן יהודה,2026-09-23
יעל שם טוב,2026-09-23
מישל דוד,2026-09-23
שליו שישו,2026-10-07
אייל ציגנלאוב,2026-10-07
יעל קהת,2026-10-07
יהונתן קצב,2026-10-07
שירה אדלה לוזון,2026-10-07
אורי טילינגר,2026-10-07
אביב רוזנטל,2026-10-07
איתי גוסטינר,2026-10-07
איתי רוס,2026-10-07
אלון דיין,2026-10-07
דנה שם טוב,2026-10-07
יאר אלפסי,2026-10-07
נוה גריינר,2026-10-07
נעמי פונקלשטיין,2026-10-07
עליזה בלום,2026-10-07
עפרי גזיאל,2026-10-07
עשהאל ירושלמי,2026-10-07
יובל רוזנברג,2026-10-07
