קטגוריה,מנה,כמות,מרכיבים,הוראות,הערה
מאפים,חלות,"10 ק""ג קמח","10 ק""ג קמח
200 גרם שמרים יבשים
1 ק""ג סוכר
1.2–1.33 ליטר שמן
כ-5 ליטר מים פושרים
כ-150 גרם מלח (כ-6 כפות)
ביצים ושומשום להברשה","בקערות גדולות מאוד שופכים את הקמח, יוצרים גומות ושמים את השמרים והסוכר. מוסיפים בהדרגה כ-4.5 ליטר מים פושרים ומתחילים ללוש.
מוסיפים את השמן וממשיכים ללוש. לקראת סוף הלישה מוסיפים את המלח ואת יתרת המים במידת הצורך, עד לבצק רך, גמיש ולא דביק (כ-10–12 דקות).
משמנים מעט את פני הבצק, מכסים ומתפיחים עד להכפלת הנפח (60–90 דקות).
מורידים אוויר, מחלקים לכדורים שווים, יוצרים רצועות וקולעים חלות.
מניחים על תבניות עם נייר אפייה, מכסים ומתפיחים שוב 30–40 דקות.
מברישים בביצה טרופה, מפזרים שומשום ואופים ב-180 מעלות 25–30 דקות, עד להזהבה עמוקה גם בתחתית.",שתי התפחות — להתחיל מוקדם
עוגות,עוגות שמרים (קינמון ושוקולד),6–8 עוגות,"לבצק:
3 ק""ג קמח
50 גרם שמרים יבשים
3 שקיות אבקת אפייה
400 גרם סוכר (כ-2 כוסות)
12 ביצים
500 מ""ל שמן
תמצית וניל
כ-700–900 מ""ל מים פושרים (לפי ספיגת הבצק)

למילוי:
1.6 ק""ג סוכר
300 גרם קקאו
6 כפות קינמון
500 מ""ל שמן (למריחה וחיבור המילוי)","הבצק: מערבבים קמח, שמרים, אבקת אפייה ו-400 גרם סוכר. מוסיפים ביצים, תמצית וניל, שמן ומים בהדרגה. לשים כ-10 דקות לבצק רך, חלק וגמיש. מתפיחים שעה עד שעה וחצי להכפלת הנפח.
המילוי: מערבבים את הסוכר שנותר, הקקאו והקינמון לתערובת אחידה.
מחלקים את הבצק ל-6–8 כדורים שווים ומרדדים כל אחד למלבן דק.
מברישים בשכבת שמן נדיבה ומפזרים שכבה אחידה ונדיבה מתערובת הסוכר-קקאו-קינמון.
מגלגלים לרולדה מהודקת, חוצים לאורכה לשתי רצועות וקולעים לצמת בורג.
מניחים בתבניות, מתפיחים 30 דקות נוספות, ואופים ב-175 מעלות 25–30 דקות עד להשחמה יפה.",
בישול,מטבוחה,100 עגבניות,"100 עגבניות אדומות ובשלות (חלוטות, מקולפות וקצוצות)
1 ק""ג עגבניות שרי (קצוצות, אם משתמשים)
3–4 ק""ג פלפלים אדומים (קוביות קטנות או קלויים ומקולפים)
6 פלפלים ירוקים חריפים (קצוצים דק)
22 שיני שום פרוסות או כתושות
1 ליטר שמן (עדיף זית)
מלח גס לפי הטעם
4–5 כפות פפריקה מתוקה בשמן
מעט פפריקה חריפה","בסיר גדול ורחב מחממים חצי מכמות השמן (500 מ""ל) על אש בינונית. מוסיפים שום ופלפלים חריפים ומטגנים כדקה (להיזהר לא לשרוף את השום).
מוסיפים את הפלפלים האדומים ומבשלים תוך ערבוב כ-15 דקות עד שהם מתרככים.
מוסיפים את העגבניות הקצוצות (והשרי). מביאים לרתיחה, מנמיכים לאש נמוכה ומבשלים ללא מכסה עד שהנוזלים מצטמצמים כמעט לחלוטין (כשעתיים-שלוש).
כשהעגבניות התפרקו והנוזלים התאדו, מוסיפים את יתרת השמן (500 מ""ל), מלח ופפריקה.
ממשיכים לבשל על אש קטנה מאוד עוד כשעה, תוך ערבוב תכוף בתחתית, עד למרקם ריבתי מבריק והשמן נפרד וצף בצדדים.",בישול ארוך — כ-4 שעות בסך הכל
עוגות,עוגת דבש,10–12 תבניות אינגליש קייק,"30 ביצים
1.5 ק""ג סוכר (7.5 כוסות)
1.8 ליטר שמן (7.5 כוסות)
7.5 כוסות דבש
10 כפיות גדושות קפה נמס (מומסות ב-3 כוסות מים רותחים)
2.8 ק""ג קמח (20 כוסות)
10 כפיות אבקת אפייה (כ-3 שקיות)
5 כפיות סודה לשתייה
5 כפיות קינמון","בקערת ערבוב ענקית טורפים היטב את הביצים עם הסוכר עד לתערובת בהירה ומעט תפוחה.
מוסיפים בהדרגה את השמן, הדבש והקפה המומס (לוודא שאינו רותח מדי שלא יבשל את הביצים) וטורפים עד לאיחוד.
בקערה נפרדת מערבבים את היבשים: קמח, אבקת אפייה, סודה לשתייה וקינמון.
מוסיפים את היבשים אל הרטובים וטורפים רק עד לבלילה חלקה ללא גושים (ערבוב יתר יפגע באווריריות).
מחלקים לתבניות אינגליש משומנות (עד 2/3 מגובה התבנית) ואופים ב-165 מעלות 35–45 דקות, עד שקיסם במרכז יוצא יבש עם פירורים לחים.",
עוגות,עוגיות שוקולד צ'יפס,"כ-1.2 ק""ג קמח","1.2 ק""ג קמח
1 שקית אבקת אפייה
1 כפית סודה לשתייה
675 גרם חמאה קרה (חתוכה לקוביות)
540 גרם סוכר חום כהה
300 גרם סוכר לבן
360 גרם ביצים (כ-6–7 ביצים)
1 כף תמצית וניל
קורט מלח
990 גרם שוקולד צ'יפס","מעבדים בקערה גדולה (או במיקסר עם וו גיטרה) את החמאה הקרה עם שני סוגי הסוכר עד לתערובת פירורית ואחידה.
מוסיפים את הביצים בהדרגה ואת תמצית הווניל, ומערבבים עד להטמעה.
מוסיפים קמח, אבקת אפייה, סודה לשתייה וקורט מלח, ומערבבים רק עד שמתקבל בצק אחיד (לא ללוש יותר מדי).
מקפלים פנימה את השוקולד צ'יפס. מומלץ להכניס למקרר ל-30 דקות לייצוב.
מכדררים כדורים בגודל כדור פינג-פונג, מניחים על תבנית מרופדת עם מרווחים נדיבים, ואופים ב-175 מעלות 10–12 דקות, עד שהשוליים זהובים והמרכז עדיין רך.",
עוגות,בראוניז ללא גלוטן,כ-600 גרם שוקולד,"600 גרם שוקולד מריר
660 מ""ל שמן (כ-2.75 כוסות)
3.75 כוסות סוכר
15 ביצים שלמות
3 חבילות אינסטנט פודינג שוקולד או וניל ללא גלוטן","ממיסים את השוקולד המריר יחד עם השמן בקערה גדולה (במיקרוגל בפולסים של 30 שניות או מעל סיר מים חמים) עד לתערובת חלקה ומבריקה.
בקערה נפרדת טורפים היטב את הביצים יחד עם הסוכר במטרפה ידנית.
יוצקים את תערובת השוקולד והשמן אל הביצים תוך כדי טריפה מתמדת.
מוסיפים את אבקת האינסטנט פודינג וטורפים רק עד לבלילה אחידה ללא גושים.
יוצקים לתבניות מרופדות בנייר אפייה ואופים ב-175 מעלות 25–30 דקות. מוכן כשהשוליים יציבים והמרכז מעט רוטט ופאדג'י. מצננים לחלוטין לפני חיתוך.",ללא גלוטן — לוודא שכל המצרכים מסומנים
סלטים,סלט חצילים קלויים,10 חצילים,"10 חצילים שלמים
5–7 שיני שום כתושות
מיץ מ-4–5 לימונים
1 כוס שמן זית (200–250 מ""ל)
מלח לפי הטעם
לחציל בטחינה: 1–1.5 חבילות טחינה גולמית ומעט מים","דוקרים כל חציל במזלג ב-2–3 מקומות וקולים על להבת גז גלויה, גריל, או בתנור על חום מקסימלי (גריל עליון) 30–40 דקות, עד שהקליפה חרוכה לחלוטין והבשר רך מאוד.
מעבירים למסננת לכ-15 דקות לצינון ולהגרת נוזלים מרירים.
חורצים לאורך, גורפים את בשר החציל בכף לקערה, וקוצצים גס בסכין (לא לטחון בבלנדר).
מוסיפים שום כתוש, מיץ לימון, שמן זית ומלח ומערבבים היטב במזלג.",
סלטים,סלט כרוב מרענן,4 ראשי כרוב (מלאה),"4 ראשי כרוב (קצוצים לרצועות דקות)
מיץ מ-4–5 לימונים
1.25 כוסות שמן זית (250–300 מ""ל)
כ-2 כפות מלח (לפי הטעם)
אופציונלי: כפית שטוחה סוכר / פלפל שחור / שמיר קצוץ","חותכים את הכרוב לרצועות דקות ושמים בקערה גדולה מאוד.
בצנצנת או קערה קטנה טורפים יחד שמן זית, מיץ לימון ומלח עד לאיחוד.
יוצקים את הרוטב מעל הכרוב ומעסים את הכרוב בידיים דקה-שתיים (העיסוי מרכך את הכרוב ומחדיר את הטעמים).
מניחים בצד כ-20 דקות לפני ההגשה, טועמים ומתקנים תיבול.","מכינים חצי כמות (2 כרובים) לכל ארוחה, סמוך להגשה"
סלטים,סלט טחינה ביתית,3–4 חבילות טחינה (מלאה),"3–4 חבילות טחינה גולמית (או 2.5 אם הוספתם לחציל)
מיץ מ-5–6 לימונים
4–6 שיני שום כתושות
מים קרים מאוד (בערך נפח הטחינה — להוסיף בהדרגה)
מלח לפי הטעם
2–3 כפות שמן זית לזילוף","יוצקים את הטחינה הגולמית לקערה גדולה.
מוסיפים מיץ לימון, שום כתוש ומלח, ומתחילים לערבב במטרפה (התערובת תהפוך תחילה סמיכה מאוד וגושית — זה נורמלי).
מוסיפים מים קרים בהדרגה תוך טריפה נמרצת, עד למרקם הרצוי (טחינה מסמיכה בקירור, לא להשאיר סמיכה מדי).
טועמים ומאזנים מליחות וחמיצות.
מעבירים לקערות הגשה ומזלפים מעט שמן זית מעל.","מכינים חצי כמות לכל ארוחה, סמוך להגשה"
